[
    {
        "key": "group_6790aed665fbc",
        "title": "General options",
        "fields": [
            {
                "key": "field_6790eac4ab69f",
                "label": "LOGO",
                "name": "",
                "aria-label": "",
                "type": "tab",
                "instructions": "",
                "required": 0,
                "conditional_logic": 0,
                "wrapper": {
                    "width": "",
                    "class": "",
                    "id": ""
                },
                "placement": "top",
                "endpoint": 0,
                "selected": 0
            },
            {
                "key": "field_6790ea9169a68",
                "label": "Logo",
                "name": "logo",
                "aria-label": "",
                "type": "image",
                "instructions": "",
                "required": 0,
                "conditional_logic": 0,
                "wrapper": {
                    "width": "",
                    "class": "",
                    "id": ""
                },
                "return_format": "array",
                "library": "all",
                "min_width": "",
                "min_height": "",
                "min_size": "",
                "max_width": "",
                "max_height": "",
                "max_size": "",
                "mime_types": "",
                "allow_in_bindings": 0,
                "preview_size": "medium"
            },
            {
                "key": "field_6790d87da76cc",
                "label": "CONTACTS",
                "name": "",
                "aria-label": "",
                "type": "tab",
                "instructions": "",
                "required": 0,
                "conditional_logic": 0,
                "wrapper": {
                    "width": "",
                    "class": "",
                    "id": ""
                },
                "placement": "top",
                "endpoint": 0,
                "selected": 0
            },
            {
                "key": "field_6790d7e1b3fdb",
                "label": "Phone",
                "name": "phone",
                "aria-label": "",
                "type": "text",
                "instructions": "",
                "required": 0,
                "conditional_logic": 0,
                "wrapper": {
                    "width": "",
                    "class": "",
                    "id": ""
                },
                "default_value": "",
                "maxlength": "",
                "allow_in_bindings": 0,
                "placeholder": "",
                "prepend": "",
                "append": ""
            },
            {
                "key": "field_6790d7b8a29e2",
                "label": "Email",
                "name": "email",
                "aria-label": "",
                "type": "email",
                "instructions": "",
                "required": 0,
                "conditional_logic": 0,
                "wrapper": {
                    "width": "",
                    "class": "",
                    "id": ""
                },
                "default_value": "",
                "allow_in_bindings": 0,
                "placeholder": "",
                "prepend": "",
                "append": ""
            },
            {
                "key": "field_6790d7f697dbf",
                "label": "Address",
                "name": "address",
                "aria-label": "",
                "type": "link",
                "instructions": "",
                "required": 0,
                "conditional_logic": 0,
                "wrapper": {
                    "width": "",
                    "class": "",
                    "id": ""
                },
                "return_format": "array",
                "allow_in_bindings": 1
            },
            {
                "key": "field_6790aed6fbfa2",
                "label": "Socials",
                "name": "socials",
                "aria-label": "",
                "type": "repeater",
                "instructions": "",
                "required": 0,
                "conditional_logic": 0,
                "wrapper": {
                    "width": "",
                    "class": "",
                    "id": ""
                },
                "layout": "table",
                "pagination": 0,
                "min": 0,
                "max": 0,
                "collapsed": "",
                "button_label": "Add Row",
                "rows_per_page": 20,
                "sub_fields": [
                    {
                        "key": "field_6790b1f7525c8",
                        "label": "Social network",
                        "name": "social_network",
                        "aria-label": "",
                        "type": "select",
                        "instructions": "",
                        "required": 0,
                        "conditional_logic": 0,
                        "wrapper": {
                            "width": "",
                            "class": "",
                            "id": ""
                        },
                        "choices": {
                            "dribbble": "Dribbble",
                            "envelope": "Email",
                            "facebook-f": "Facebook",
                            "instagram": "Instagram",
                            "linkedin-in": "LinkedIn",
                            "pinterest-p": "Pinterest",
                            "skype": "Skype",
                            "soundcloud": "SoundCloud",
                            "tumblr": "Tumblr",
                            "vimeo-v": "Vimeo",
                            "twitter": "Twitter",
                            "x-twitter": "X (Twitter)",
                            "youtube": "YouTube"
                        },
                        "default_value": false,
                        "return_format": "array",
                        "multiple": 0,
                        "allow_null": 0,
                        "allow_in_bindings": 0,
                        "ui": 0,
                        "ajax": 0,
                        "placeholder": "",
                        "parent_repeater": "field_6790aed6fbfa2"
                    },
                    {
                        "key": "field_6790b21a525c9",
                        "label": "Social profile",
                        "name": "social_profile",
                        "aria-label": "",
                        "type": "url",
                        "instructions": "",
                        "required": 0,
                        "conditional_logic": 0,
                        "wrapper": {
                            "width": "",
                            "class": "",
                            "id": ""
                        },
                        "default_value": "",
                        "allow_in_bindings": 0,
                        "placeholder": "",
                        "parent_repeater": "field_6790aed6fbfa2"
                    }
                ]
            },
            {
                "key": "field_6790d89ea76cd",
                "label": "FOOTER",
                "name": "",
                "aria-label": "",
                "type": "tab",
                "instructions": "",
                "required": 0,
                "conditional_logic": 0,
                "wrapper": {
                    "width": "",
                    "class": "",
                    "id": ""
                },
                "placement": "top",
                "endpoint": 0,
                "selected": 0
            },
            {
                "key": "field_6790e527c38ee",
                "label": "Image",
                "name": "image",
                "aria-label": "",
                "type": "image",
                "instructions": "",
                "required": 0,
                "conditional_logic": 0,
                "wrapper": {
                    "width": "",
                    "class": "",
                    "id": ""
                },
                "return_format": "array",
                "library": "all",
                "min_width": "",
                "min_height": "",
                "min_size": "",
                "max_width": "",
                "max_height": "",
                "max_size": "",
                "mime_types": "",
                "allow_in_bindings": 0,
                "preview_size": "medium"
            },
            {
                "key": "field_6790d52fa1c18",
                "label": "Copyright",
                "name": "copyright",
                "aria-label": "",
                "type": "wysiwyg",
                "instructions": "",
                "required": 0,
                "conditional_logic": 0,
                "wrapper": {
                    "width": "",
                    "class": "",
                    "id": ""
                },
                "default_value": "",
                "allow_in_bindings": 0,
                "tabs": "all",
                "toolbar": "full",
                "media_upload": 1,
                "delay": 0
            }
        ],
        "location": [
            [
                {
                    "param": "options_page",
                    "operator": "==",
                    "value": "theme-settings"
                }
            ]
        ],
        "menu_order": 0,
        "position": "normal",
        "style": "default",
        "label_placement": "top",
        "instruction_placement": "label",
        "hide_on_screen": "",
        "active": true,
        "description": "",
        "show_in_rest": 0
    }
]
